{
  "total_cost": 2014164.7968894476,
  "time_horizon": 36,
  "ref_bus": "b1",
  "thermal": {
    "p": {
      "g1": [
        0.0,
        0.0,
        0.0,
        0.0,
        0.0,
        0.0,
        0.0,
        0.0,
        0.0,
        0.0,
        0.0,
        0.0,
        0.0,
        0.0,
        0.0,
        0.0,
        0.0,
        0.0,
        0.0,
        0.0,
        0.0,
        0.0,
        0.0,
        0.0,
        0.0,
        0.0,
        0.0,
        0.0,
        0.0,
        0.0,
        0.0,
        0.0,
        0.0,
        0.0,
        0.0,
        0.0
      ],
      "g2": [
        91.82592900856176,
        91.82592900856176,
        91.82592900856176,
        91.82592900856176,
        91.82592900856176,
        91.82592900856176,
        91.82592900856176,
        91.82592900856176,
        91.82592900856176,
        91.82592900856176,
        91.82592900856176,
        91.82592900856176,
        91.82592900856176,
        91.82592900856176,
        91.82592900856176,
        91.82592900856176,
        91.82592900856176,
        91.82592900856176,
        91.82592900856176,
        91.82592900856176,
        91.82592900856176,
        91.82592900856176,
        91.82592900856176,
        91.82592900856176,
        91.82592900856176,
        91.82592900856176,
        91.82592900856176,
        91.82592900856176,
        91.82592900856176,
        91.82592900856176,
        91.82592900856176,
        91.82592900856176,
        91.82592900856176,
        91.82592900856176,
        91.82592900856176,
        91.82592900856176
      ],
      "g3": [
        132.0637881651404,
        132.0637881651404,
        132.0637881651404,
        132.0637881651404,
        132.0637881651404,
        132.0637881651404,
        132.0637881651404,
        132.0637881651404,
        132.0637881651404,
        132.0637881651404,
        132.0637881651404,
        132.0637881651404,
        132.0637881651404,
        132.0637881651404,
        132.0637881651404,
        132.0637881651404,
        132.0637881651404,
        132.0637881651404,
        132.0637881651404,
        132.0637881651404,
        132.0637881651404,
        132.0637881651404,
        132.0637881651404,
        132.0637881651404,
        132.0637881651404,
        132.0637881651404,
        132.0637881651404,
        132.0637881651404,
        132.0637881651404,
        132.0637881651404,
        132.0637881651404,
        132.0637881651404,
        132.0637881651404,
        132.0637881651404,
        132.0637881651404,
        132.0637881651404
      ],
      "g4": [
        95.6342911473223,
        95.6342911473223,
        95.6342911473223,
        95.6342911473223,
        95.6342911473223,
        95.6342911473223,
        95.6342911473223,
        95.6342911473223,
        95.6342911473223,
        95.6342911473223,
        95.6342911473223,
        95.6342911473223,
        95.6342911473223,
        95.6342911473223,
        95.6342911473223,
        95.6342911473223,
        95.6342911473223,
        95.6342911473223,
        95.6342911473223,
        95.6342911473223,
        95.6342911473223,
        95.6342911473223,
        95.6342911473223,
        95.6342911473223,
        95.6342911473223,
        95.6342911473223,
        95.6342911473223,
        95.6342911473223,
        95.6342911473223,
        95.6342911473223,
        95.6342911473223,
        95.6342911473223,
        95.6342911473223,
        95.6342911473223,
        95.6342911473223,
        95.6342911473223
      ],
      "g5": [
        0.0,
        0.0,
        0.0,
        0.0,
        0.0,
        0.0,
        0.0,
        0.0,
        0.0,
        0.0,
        0.0,
        0.0,
        0.0,
        0.0,
        0.0,
        0.0,
        0.0,
        0.0,
        0.0,
        0.0,
        0.0,
        0.0,
        0.0,
        0.0,
        0.0,
        0.0,
        0.0,
        0.0,
        0.0,
        0.0,
        0.0,
        0.0,
        0.0,
        0.0,
        0.0,
        0.0
      ],
      "g6": [
        95.07478681741797,
        95.07478681741797,
        95.07478681741797,
        95.07478681741797,
        95.07478681741797,
        95.07478681741797,
        95.07478681741797,
        95.07478681741797,
        95.07478681741797,
        95.07478681741797,
        95.07478681741797,
        95.07478681741797,
        95.07478681741797,
        95.07478681741797,
        95.07478681741797,
        95.07478681741797,
        95.07478681741797,
        95.07478681741797,
        95.07478681741797,
        95.07478681741797,
        95.07478681741797,
        95.07478681741797,
        95.07478681741797,
        95.07478681741797,
        95.07478681741797,
        95.07478681741797,
        95.07478681741797,
        95.07478681741797,
        95.07478681741797,
        95.07478681741797,
        95.07478681741797,
        95.07478681741797,
        95.07478681741797,
        95.07478681741797,
        95.07478681741797,
        95.07478681741797
      ],
      "g7": [
        175.68096486155764,
        152.47927486155768,
        137.0192048615577,
        127.89102486155733,
        133.71451486155763,
        145.0611948615573,
        176.8364148615574,
        200.01496486155767,
        213.41833486155775,
        228.41627486155772,
        222.77768486155762,
        225.75871486155776,
        205.44569486155783,
        200.15365486155764,
        197.49614486155755,
        207.59483486155756,
        260.6999448615575,
        323.6957248615576,
        305.62434486155735,
        317.73356486155745,
        316.5549948615576,
        282.79238486155765,
        246.27974486155765,
        202.48771486155758,
        172.65366486155747,
        150.72296486155736,
        125.32589486155759,
        132.44353486155765,
        138.12842486155753,
        173.04650486155768,
        214.1347548615575,
        238.69990486155763,
        258.22721486155757,
        287.1137848615576,
        290.53397486155774,
        280.06549486155774
      ]
    },
    "u": {
      "g1": [
        0.0,
        0.0,
        0.0,
        0.0,
        0.0,
        0.0,
        0.0,
        0.0,
        0.0,
        0.0,
        0.0,
        0.0,
        0.0,
        0.0,
        0.0,
        0.0,
        0.0,
        0.0,
        0.0,
        0.0,
        0.0,
        0.0,
        0.0,
        0.0,
        0.0,
        0.0,
        0.0,
        0.0,
        0.0,
        0.0,
        0.0,
        0.0,
        0.0,
        0.0,
        0.0,
        0.0
      ],
      "g2": [
        1.0,
        1.0,
        1.0,
        1.0,
        1.0,
        1.0,
        1.0,
        1.0,
        1.0,
        1.0,
        1.0,
        1.0,
        1.0,
        1.0,
        1.0,
        1.0,
        1.0,
        1.0,
        1.0,
        1.0,
        1.0,
        1.0,
        1.0,
        1.0,
        1.0,
        1.0,
        1.0,
        1.0,
        1.0,
        1.0,
        1.0,
        1.0,
        1.0,
        1.0,
        1.0,
        1.0
      ],
      "g3": [
        1.0,
        1.0,
        1.0,
        1.0,
        1.0,
        1.0,
        1.0,
        1.0,
        1.0,
        1.0,
        1.0,
        1.0,
        1.0,
        1.0,
        1.0,
        1.0,
        1.0,
        1.0,
        1.0,
        1.0,
        1.0,
        1.0,
        1.0,
        1.0,
        1.0,
        1.0,
        1.0,
        1.0,
        1.0,
        1.0,
        1.0,
        1.0,
        1.0,
        1.0,
        1.0,
        1.0
      ],