{
  "total_cost": 360642.54497389344,
  "time_horizon": 36,
  "ref_bus": "b1",
  "thermal": {
    "p": {
      "g1": [
        181.92024301829744,
        172.85037301829746,
        166.80678301829747,
        163.2384530182975,
        165.51495301829746,
        169.9505230182975,
        182.3719130182975,
        191.43277301829744,
        196.6723430182975,
        202.53524301829745,
        200.33101301829748,
        201.49635301829744,
        193.55569301829743,
        191.48696301829744,
        190.4480930182975,
        194.39583301829745,
        215.15536301829744,
        239.78136301829747,
        232.7169930182975,
        237.45065301829754,
        236.98991301829747,
        223.79163301829746,
        209.51833301829745,
        192.39938301829747,
        180.7368130182975,
        172.1637830182975,
        162.23570301829744,
        165.01810301829747,
        167.24040301829746,
        180.89039301829743,
        196.95238301829747,
        206.55525301829744,
        214.18877301829747,
        225.48092301829752,
        226.81792301829748,
        222.72565301829744
      ],
      "g2": [
        0.0,
        0.0,
        0.0,
        0.0,
        0.0,
        0.0,
        0.0,
        0.0,
        0.0,
        0.0,
        0.0,
        0.0,
        0.0,
        0.0,
        0.0,
        0.0,
        0.0,
        0.0,
        0.0,
        0.0,
        0.0,
        0.0,
        0.0,
        0.0,
        0.0,
        0.0,
        0.0,
        0.0,
        0.0,
        0.0,
        0.0,
        0.0,
        0.0,
        0.0,
        0.0,
        0.0
      ],
      "g3": [
        48.82863698170252,
        48.82863698170252,
        48.82863698170252,
        48.82863698170252,
        48.82863698170252,
        48.82863698170252,
        48.82863698170252,
        48.82863698170252,
        48.82863698170252,
        48.82863698170252,
        48.82863698170252,
        48.82863698170252,
        48.82863698170252,
        48.82863698170252,
        48.82863698170252,
        48.82863698170252,
        48.82863698170252,
        48.82863698170252,
        48.82863698170252,
        48.82863698170252,
        48.82863698170252,
        48.82863698170252,
        48.82863698170252,
        48.82863698170252,
        48.82863698170252,
        48.82863698170252,
        48.82863698170252,
        48.82863698170252,
        48.82863698170252,
        48.82863698170252,
        48.82863698170252,
        48.82863698170252,
        48.82863698170252,
        48.82863698170252,
        48.82863698170252,
        48.82863698170252
      ],
      "g4": [
        0.0,
        0.0,
        0.0,
        0.0,
        0.0,
        0.0,
        0.0,
        0.0,
        0.0,
        0.0,
        0.0,
        0.0,
        0.0,
        0.0,
        0.0,
        0.0,
        0.0,
        0.0,
        0.0,
        0.0,
        0.0,
        0.0,
        0.0,
        0.0,
        0.0,
        0.0,
        0.0,
        0.0,
        0.0,
        0.0,
        0.0,
        0.0,
        0.0,
        0.0,
        0.0,
        0.0
      ],
      "g5": [
        0.0,
        0.0,
        0.0,
        0.0,
        0.0,
        0.0,
        0.0,
        0.0,
        0.0,
        0.0,
        0.0,
        0.0,
        0.0,
        0.0,
        0.0,
        0.0,
        0.0,
        0.0,
        0.0,
        0.0,
        0.0,
        0.0,
        0.0,
        0.0,
        0.0,
        0.0,
        0.0,
        0.0,
        0.0,
        0.0,
        0.0,
        0.0,
        0.0,
        0.0,
        0.0,
        0.0
      ]
    },
    "u": {
      "g1": [
        1.0,
        1.0,
        1.0,
        1.0,
        1.0,
        1.0,
        1.0,
        1.0,
        1.0,
        1.0,
        1.0,
        1.0,
        1.0,
        1.0,
        1.0,
        1.0,
        1.0,
        1.0,
        1.0,
        1.0,
        1.0,
        1.0,
        1.0,
        1.0,
        1.0,
        1.0,
        1.0,
        1.0,
        1.0,
        1.0,
        1.0,
        1.0,
        1.0,
        1.0,
        1.0,
        1.0
      ],
      "g2": [
        0.0,
        0.0,
        0.0,
        0.0,
        0.0,
        0.0,
        0.0,
        0.0,
        0.0,
        0.0,
        0.0,
        0.0,
        0.0,
        0.0,
        0.0,
        0.0,
        0.0,
        0.0,
        0.0,
        0.0,
        0.0,
        0.0,
        0.0,
        0.0,
        0.0,
        0.0,
        0.0,
        0.0,
        0.0,
        0.0,
        0.0,
        0.0,
        0.0,
        0.0,
        0.0,
        0.0
      ],
      "g3": [
        1.0,
        1.0,
        1.0,
        1.0,
        1.0,
        1.0,
        1.0,
        1.0,
        1.0,
        1.0,
        1.0,
        1.0,
        1.0,
        1.0,
        1.0,
        1.0,
        1.0,
        1.0,
        1.0,
        1.0,
        1.0,
        1.0,
        1.0,
        1.0,
        1.0,
        1.0,
        1.0,
        1.0,
        1.0,
        1.0,
        1.0,
        1.0,
        1.0,
        1.0,
        1.0,
        1.0
      ],
      "g4": [
        0.0,
        0.0,
        0.0,
        0.0,
        0.0,
        0.0,
        0.0,
        0.0,
        0.0,
        0.0,
        0.0,
        0.0,
        0.0,
        0.0,
        0.0,
        0.0,
        0.0,
        0.0,
        0.0,
        0.0,
        0.0,
        0.0,
        0.0,
        0.0,
        0.0,
        0.0,
        0.0,
        0.0,
        0.0,
        0.0,
        0.0,
        0.0,
        0.0,
        0.0,
        0.0,
        0.0
      ],
      "g5": [
        0.0,
        0.0,
        0.0,
        0.0,
        0.0,
        0.0,
        0.0,
        0.0,
        0.0,
        0.0,
        0.0,
        0.0,
        0.0,
        0.0,
        0.0,
        0.0,
        0.0,
        0.0,
        0.0,
        0.0,
        0.0,
        0.0,
        0.0,
        0.0,
        0.0,
        0.0,
        0.0,
        0.0,
        0.0,
        0.0,
        0.0,
        0.0,
        0.0,
        0.0,
        0.0,
        0.0
      ]
    }
  }
}
