{
  "total_cost": 443457.92296791077,
  "time_horizon": 36,
  "ref_bus": "b1",
  "thermal": {
    "p": {
      "g1": [
        -0.0,
        -0.0,
        -0.0,
        -0.0,
        -0.0,
        -0.0,
        -0.0,
        -0.0,
        -0.0,
        -0.0,
        -0.0,
        -0.0,
        -0.0,
        -0.0,
        -0.0,
        -0.0,
        -0.0,
        -0.0,
        -0.0,
        -0.0,
        -0.0,
        -0.0,
        -0.0,
        -0.0,
        -0.0,
        -0.0,
        -0.0,
        -0.0,
        -0.0,
        -0.0,
        -0.0,
        -0.0,
        -0.0,
        -0.0,
        -0.0,
        -0.0
      ],
      "g2": [
        120.09351261305926,
        109.52298261305926,
        102.47945261305928,
        98.32072261305923,
        100.97384261305926,
        106.14334261305923,
        71.31143103564987,
        81.8714610356503,
        87.97797103565023,
        94.81091103565024,
        92.24200103565026,
        93.60017103565028,
        84.34568103565022,
        81.93465103565028,
        80.72387103565028,
        85.3248410356503,
        109.51918103565028,
        132.31911634451558,
        129.98648103565023,
        132.31911634451558,
        132.31911634451558,
        119.58440103565023,
        102.94942103565026,
        82.99800103565029,
        69.40578103565029,
        59.414291035650294,
        47.84351103565034,
        51.086241035650275,
        53.67628103565026,
        69.58479103565024,
        88.30438103565028,
        99.49611103565029,
        108.39265103565027,
        121.55318103565027,
        123.11141103565019,
        118.34201103565029
      ],
      "g3": [
        48.82863698170246,
        48.82863698170252,
        48.82863698170252,
        48.82863698170252,
        48.82863698170252,
        48.82863698170252,
        48.82863698170252,
        48.82863698170252,
        48.82863698170252,
        48.82863698170254,
        48.82863698170252,
        48.82863698170252,
        48.82863698170252,
        48.82863698170252,
        48.82863698170252,
        48.82863698170252,
        48.82863698170252,
        48.82863698170252,
        48.82863698170252,
        48.82863698170252,
        48.82863698170252,
        48.82863698170252,
        48.82863698170252,
        48.82863698170252,
        48.82863698170252,
        48.82863698170252,
        48.82863698170252,
        48.82863698170252,
        48.82863698170252,
        48.82863698170252,
        48.82863698170252,
        48.82863698170252,
        48.82863698170252,
        48.82863698170252,
        48.82863698170252,
        48.82863698170252
      ],
      "g4": [
        0.0,
        0.0,
        0.0,
        0.0,
        0.0,
        0.0,
        49.308521577409365,
        49.308521577408975,
        49.308521577408975,
        49.308521577408975,
        49.308521577408975,
        49.308521577408975,
        49.308521577408975,
        49.308521577408975,
        49.308521577408975,
        49.308521577408975,
        49.308521577408975,
        49.308521577408975,
        49.308521577408975,
        49.308521577408975,
        49.308521577408975,
        49.308521577408975,
        49.308521577408975,
        49.308521577408975,
        49.308521577408975,
        49.308521577408975,
        49.308521577408975,
        49.308521577408975,
        49.308521577408975,
        49.308521577408975,
        49.308521577408975,
        49.308521577408975,
        49.308521577408975,
        49.308521577408975,
        49.308521577408975,
        49.308521577408975
      ],
      "g5": [
        49.47718485192335,
        49.47718485192335,
        49.47718485192335,
        49.47718485192335,
        49.47718485192335,
        49.47718485192335,
        49.47718485192335,
        49.47718485192335,
        49.4771848519234,
        49.47718485192335,
        49.47718485192335,
        49.47718485192335,
        49.47718485192335,
        49.47718485192335,
        49.47718485192335,
        49.47718485192335,
        49.47718485192335,
        49.47718485192335,
        49.47718485192335,
        49.47718485192335,
        49.47718485192335,
        49.47718485192335,
        49.47718485192335,
        49.47718485192335,
        49.47718485192335,
        49.47718485192335,
        49.47718485192335,
        49.47718485192335,
        49.47718485192335,
        49.47718485192335,
        49.47718485192335,
        49.47718485192335,
        49.47718485192335,
        49.47718485192335,
        49.47718485192335,
        49.47718485192335
      ],
      "g6": [
        50.52883555331489,
        50.52883555331489,
        50.52883555331489,
        50.52883555331489,
        50.52883555331489,
        50.52883555331489,
        50.52883555331489,
        50.52883555331489,
        50.52883555331489,
        50.528835553314906,
        50.52883555331489,
        50.52883555331489,
        50.52883555331493,
        50.52883555331489,
        50.52883555331489,
        50.52883555331489,
        50.52883555331489,
        56.429450244449576,
        50.52883555331489,
        53.71310024444958,
        53.17617024444956,
        50.52883555331489,
        50.528835553314906,
        50.52883555331489,
        50.52883555331489,
        50.52883555331489,
        50.52883555331489,
        50.52883555331489,
        50.52883555331489,
        50.52883555331489,
        50.52883555331489,
        50.52883555331489,
        50.52883555331489,
        50.52883555331489,
        50.52883555331489,
        50.52883555331489
      ]
    },
    "u": {
      "g1": [
        0.0,
        -0.0,
        -0.0,
        -0.0,
        -0.0,
        -0.0,
        -0.0,
        -0.0,
        -0.0,
        -0.0,
        -0.0,
        -0.0,
        -0.0,
        -0.0,
        -0.0,
        -0.0,
        -0.0,
        -0.0,
        -0.0,
        -0.0,
        -0.0,
        -0.0,
        -0.0,
        -0.0,
        -0.0,
        -0.0,
        -0.0,
        -0.0,
        -0.0,
        -0.0,
        -0.0,
        -0.0,
        -0.0,
        -0.0,
        -0.0,
        -0.0
      ],
      "g2": [
        1.0,
        1.0,
        1.0,
        1.0,
        1.0,
        1.0,
        1.0,
        1.0,
        1.0,
        1.0,
        1.0,
        1.0,
        1.0,
        1.0,
        1.0,
        1.0,
        1.0,
        1.0,
        1.0,
        1.0,
        1.0,
        1.0,
        1.0,
        1.0,
        1.0,
        1.0,
        1.0,
        1.0,
        1.0,
        1.0,
        1.0,
        1.0,
        1.0,
        1.0,
        1.0,
        1.0
      ],
      "g3": [
        1.0,
        1.0,
        1.0,
        1.0,
        1.0,
        1.0,
        1.0,
        1.0,
        1.0,
        1.0,
        1.0,
        1.0,
        1.0,
        1.0,
        1.0,
        1.0,
        1.0,
        1.0,
        1.0,
        1.0,
        1.0,
        1.0,
        1.0,
        1.0,
        1.0,
        1.0,
        1.0,
        1.0,
        1.0,
        1.0,
        1.0,
        1.0,
        1.0,
        1.0,
        1.0,
        1.0
      ],
      "g4": [
        0.0,
        0.0,
        0.0,
        0.0,
        0.0,
        0.0,
        1.0,
        1.0,
        1.0,
        1.0,
        1.0,
        1.0,
        1.0,
        1.0,
        1.0,
        1.0,
        1.0,
        1.0,
        1.0,
        1.0,
        1.0,
        1.0,
        1.0,
        1.0,
        1.0,
        1.0,
        1.0,
        1.0,
        1.0,
        1.0,
        1.0,
        1.0,
        1.0,
        1.0,
        1.0,
        1.0
      ],